,0
0,"b'timestamp,open,high,low,close,adjusted_close,volume,dividend_amount,split_coefficient\r\n2020-12-24,19.65,19.7,17.25,17.81,17.81,6'"
1,"b'449216,0.0000,1.0\r\n2020-12-23,20.19,20.4,19.0,19.4,19.4,8505727,0.0000,1.0\r\n2020-12-22,22.75,24.9,18.1,18.89,18.89,13287755,0.00'"
2,"b'00,1.0\r\n2020-12-21,19.2,20.28,18.9,19.49,19.49,4401252,0.0000,1.0\r\n2020-12-18,19.0,19.82,18.2,19.29,19.29,3959310,0.0000,1.0\r\n20'"
3,"b'20-12-17,19.2,20.49,17.88,18.9,18.9,6917097,0.0000,1.0\r\n2020-12-16,18.828,20.3,17.76,19.92,19.92,3978617,0.0000,1.0\r\n2020-12-15,'"
4,"b'19.1445,19.16,16.61,18.02,18.02,4997000,0.0000,1.0\r\n2020-12-14,20.85,20.85,18.64,19.34,19.34,3481357,0.0000,1.0\r\n2020-12-11,21.5'"
5,"b'7,21.57,18.9101,20.28,20.28,5836993,0.0000,1.0\r\n2020-12-10,19.07,22.43,18.57,22.0,22.0,6493442,0.0000,1.0\r\n2020-12-09,19.02,20.9'"
6,"b'3,18.51,20.0,20.0,8041245,0.0000,1.0\r\n2020-12-08,17.89,18.99,16.82,17.93,17.93,6056991,0.0000,1.0\r\n2020-12-07,17.31,18.56,16.5,1'"
7,"b'8.2,18.2,18521699,0.0000,1.0\r\n2020-12-04,12.5,13.5,12.4978,13.45,13.45,6089186,0.0000,1.0\r\n2020-12-03,12.2,12.5,12.0,12.17,12.17'"
8,"b',1421772,0.0000,1.0\r\n2020-12-02,11.51,12.1,11.17,11.82,11.82,2097492,0.0000,1.0\r\n2020-12-01,13.4615,13.49,11.93,12.48,12.48,2573'"
9,"b'768,0.0000,1.0\r\n2020-11-30,13.5,14.49,12.39,13.0,13.0,5591111,0.0000,1.0\r\n2020-11-27,12.32,12.82,12.13,12.56,12.56,3460591,0.000'"
10,"b'0,1.0\r\n2020-11-25,11.1,11.58,11.01,11.52,11.52,2210884,0.0000,1.0\r\n2020-11-24,11.67,12.3,11.0,11.19,11.19,3739981,0.0000,1.0\r\n20'"
11,"b'20-11-23,10.9,11.56,10.9,11.3,11.3,4030370,0.0000,1.0\r\n2020-11-20,10.8034,10.8356,10.55,10.7,10.7,1281594,0.0000,1.0\r\n2020-11-19'"
12,"b',10.45,10.89,10.43,10.71,10.71,2977679,0.0000,1.0\r\n2020-11-18,10.3,10.48,10.28,10.37,10.37,1285149,0.0000,1.0\r\n2020-11-17,10.26,'"
13,"b'10.3,10.25,10.25,10.25,457216,0.0000,1.0\r\n2020-11-16,10.3,10.3214,10.23,10.25,10.25,848182,0.0000,1.0\r\n2020-11-13,10.3,10.3,10.2'"
14,"b'35,10.27,10.27,504275,0.0000,1.0\r\n2020-11-12,10.23,10.28,10.23,10.23,10.23,323170,0.0000,1.0\r\n2020-11-11,10.29,10.295,10.23,10.2'"
15,"b'5,10.25,303271,0.0000,1.0\r\n2020-11-10,10.3,10.31,10.23,10.23,10.23,325630,0.0000,1.0\r\n2020-11-09,10.33,10.33,10.22,10.3,10.3,176'"
16,"b'2776,0.0000,1.0\r\n2020-11-06,10.23,10.29,10.23,10.27,10.27,229197,0.0000,1.0\r\n2020-11-05,10.24,10.33,10.22,10.23,10.23,402275,0.0'"
17,"b'000,1.0\r\n2020-11-04,10.24,10.3201,10.23,10.23,10.23,346036,0.0000,1.0\r\n2020-11-03,10.24,10.3,10.22,10.23,10.23,226527,0.0000,1.0'"
18,"b'\r\n2020-11-02,10.25,10.3,10.22,10.23,10.23,281834,0.0000,1.0\r\n2020-10-30,10.23,10.27,10.2,10.25,10.25,402526,0.0000,1.0\r\n2020-10-'"
19,"b'29,10.22,10.34,10.22,10.24,10.24,252785,0.0000,1.0\r\n2020-10-28,10.29,10.31,10.18,10.31,10.31,641126,0.0000,1.0\r\n2020-10-27,10.32'"
20,"b',10.4,10.31,10.31,10.31,520818,0.0000,1.0\r\n2020-10-26,10.33,10.36,10.32,10.34,10.34,520250,0.0000,1.0\r\n2020-10-23,10.4,10.4,10.3'"
21,"b'3,10.35,10.35,330463,0.0000,1.0\r\n2020-10-22,10.35,10.47,10.315,10.41,10.41,941792,0.0000,1.0\r\n2020-10-21,10.37,10.41,10.35,10.35'"
22,"b',10.35,437272,0.0000,1.0\r\n2020-10-20,10.53,10.53,10.38,10.38,10.38,440468,0.0000,1.0\r\n2020-10-19,10.36,10.55,10.36,10.55,10.55,5'"
23,"b'14687,0.0000,1.0\r\n2020-10-16,10.34,10.45,10.34,10.41,10.41,331144,0.0000,1.0\r\n2020-10-15,10.44,10.45,10.32,10.38,10.38,266225,0.'"
24,"b'0000,1.0\r\n2020-10-14,10.45,10.46,10.33,10.45,10.45,344046,0.0000,1.0\r\n2020-10-13,10.49,10.4958,10.3,10.4,10.4,873703,0.0000,1.0\r'"
25,"b'\n2020-10-12,10.53,10.62,10.445,10.46,10.46,784848,0.0000,1.0\r\n2020-10-09,10.77,10.79,10.545,10.6,10.6,466384,0.0000,1.0\r\n2020-10'"
26,"b'-08,10.45,10.68,10.45,10.67,10.67,538575,0.0000,1.0\r\n2020-10-07,10.52,10.6,10.42,10.51,10.51,790971,0.0000,1.0\r\n2020-10-06,10.74'"
27,"b',10.8,10.39,10.56,10.56,1447069,0.0000,1.0\r\n2020-10-05,10.98,11.07,10.65,10.77,10.77,1021139,0.0000,1.0\r\n2020-10-02,10.73,11.15,'"
28,"b'10.71,10.98,10.98,808205,0.0000,1.0\r\n2020-10-01,11.12,11.2,10.82,11.13,11.13,850837,0.0000,1.0\r\n2020-09-30,11.25,11.25,11.06,11.'"
29,"b'14,11.14,604510,0.0000,1.0\r\n2020-09-29,11.17,11.2499,11.05,11.17,11.17,538837,0.0000,1.0\r\n2020-09-28,11.33,11.3922,11.03,11.3,11'"
30,"b'.3,748341,0.0000,1.0\r\n2020-09-25,11.1189,11.2,11.0,11.2,11.2,1092806,0.0000,1.0\r\n2020-09-24,10.81,11.28,10.57,10.96,10.96,194713'"
31,"b'1,0.0000,1.0\r\n2020-09-23,11.9,11.9309,10.9,11.11,11.11,2367790,0.0000,1.0\r\n2020-09-22,11.84,12.23,11.5,11.9,11.9,1284203,0.0000,'"
32,"b'1.0\r\n2020-09-21,11.9,11.98,11.41,11.64,11.64,1858540,0.0000,1.0\r\n2020-09-18,12.5,12.5899,11.85,12.2,12.2,1347163,0.0000,1.0\r\n202'"
33,"b'0-09-17,12.57,12.8378,12.15,12.4,12.4,1216342,0.0000,1.0\r\n2020-09-16,13.2711,13.44,12.6,12.8,12.8,1859251,0.0000,1.0\r\n2020-09-15'"
34,"b',12.92,13.5,12.8101,13.0,13.0,3515532,0.0000,1.0\r\n2020-09-14,11.95,13.1,11.86,12.71,12.71,4885863,0.0000,1.0\r\n2020-09-11,11.16,1'"
35,"b'1.99,11.11,11.59,11.59,2628372,0.0000,1.0\r\n2020-09-10,11.23,11.2402,11.0,11.15,11.15,1323989,0.0000,1.0\r\n2020-09-09,11.15,11.23,'"
36,"b'10.77,11.06,11.06,1383867,0.0000,1.0\r\n2020-09-08,10.755,11.25,10.74,11.0,11.0,1537210,0.0000,1.0\r\n2020-09-04,10.72,10.88,10.46,1'"
37,"b'0.78,10.78,1357370,0.0000,1.0\r\n2020-09-03,10.95,10.96,10.6,10.8,10.8,1114699,0.0000,1.0\r\n2020-09-02,10.81,11.09,10.8,10.95,10.95'"
38,"b',2412398,0.0000,1.0\r\n2020-09-01,10.9,10.9,10.54,10.69,10.69,1286866,0.0000,1.0\r\n2020-08-31,10.96,10.97,10.73,10.79,10.79,913437,'"
39,"b'0.0000,1.0\r\n2020-08-28,10.99,10.99,10.8,10.85,10.85,912320,0.0000,1.0\r\n2020-08-27,11.0,11.06,10.74,10.94,10.94,1867464,0.0000,1.'"
40,"b'0\r\n2020-08-26,11.0,11.2,10.83,10.98,10.98,1859308,0.0000,1.0\r\n2020-08-25,10.79,11.0,10.68,10.85,10.85,2601496,0.0000,1.0\r\n2020-0'"
41,"b'8-24,10.49,10.858,10.46,10.61,10.61,1839565,0.0000,1.0\r\n2020-08-21,10.46,10.51,10.37,10.43,10.43,1620013,0.0000,1.0\r\n2020-08-20,'"
42,"b'10.5,10.52,10.39,10.45,10.45,1083372,0.0000,1.0\r\n2020-08-19,10.6,10.6,10.35,10.48,10.48,2506902,0.0000,1.0\r\n2020-08-18,10.81,10.'"
43,"b'99,10.44,10.49,10.49,9637192,0.0000,1.0\r\n2020-08-17,10.85,10.85,10.6166,10.68,10.68,256165,0.0000,1.0\r\n2020-08-14,10.8,10.8999,1'"
44,"b'0.74,10.79,10.79,261071,0.0000,1.0\r\n2020-08-13,10.8,10.92,10.77,10.8,10.8,235235,0.0000,1.0\r\n2020-08-12,11.0,11.0,10.77,10.85,10'"
45,"b'.85,332300,0.0000,1.0\r\n2020-08-11,10.9,11.0,10.74,10.98,10.98,475019,0.0000,1.0\r\n2020-08-10,11.19,11.25,10.55,10.79,10.79,194041'"
46,"b'1,0.0000,1.0\r\n2020-08-07,11.19,11.31,11.08,11.13,11.13,341022,0.0000,1.0\r\n2020-08-06,11.4,11.4,11.0,11.38,11.38,408016,0.0000,1.'"
47,"b'0\r\n2020-08-05,11.6,11.65,11.21,11.4,11.4,352942,0.0000,1.0\r\n2020-08-04,11.45,11.69,11.08,11.5,11.5,2199365,0.0000,1.0\r\n2020-08-0'"
48,"b'3,11.08,11.1,10.65,10.88,10.88,617682,0.0000,1.0\r\n2020-07-31,11.2,11.2,10.6,10.9,10.9,774790,0.0000,1.0\r\n2020-07-30,11.19,11.4,1'"
49,"b'1.07,11.17,11.17,522636,0.0000,1.0\r\n2020-07-29,11.27,11.57,11.11,11.52,11.52,866716,0.0000,1.0\r\n2020-07-28,11.52,11.52,11.15,11.'"
50,"b'3,11.3,276883,0.0000,1.0\r\n2020-07-27,11.7201,11.8,11.31,11.38,11.38,421110,0.0000,1.0\r\n2020-07-24,11.52,11.9,11.5021,11.65,11.65'"
51,"b',609535,0.0000,1.0\r\n2020-07-23,12.05,12.4,11.7,11.93,11.93,4764783,0.0000,1.0\r\n2020-07-22,11.1,11.18,10.9701,11.1,11.1,443147,0.'"
52,"b'0000,1.0\r\n2020-07-21,11.08,11.1,11.0,11.06,11.06,164969,0.0000,1.0\r\n2020-07-20,11.15,11.18,10.9,11.015,11.015,435043,0.0000,1.0\r'"
53,"b'\n2020-07-17,11.1,11.1,10.87,11.0,11.0,182800,0.0000,1.0\r\n2020-07-16,11.07,11.07,10.8,10.98,10.98,587500,0.0000,1.0\r\n2020-07-15,1'"
54,"b'1.0,11.05,10.84,11.03,11.03,353900,0.0000,1.0\r\n2020-07-14,11.03,11.23,10.51,10.98,10.98,310100,0.0000,1.0\r\n2020-07-13,11.2,11.3,'"
55,"b'10.95,11.03,11.03,301300,0.0000,1.0\r\n2020-07-10,11.04,11.1,11.0,11.1,11.1,597200,0.0000,1.0\r\n2020-07-09,10.65,11.0,10.65,10.98,1'"
56,"b'0.98,703000,0.0000,1.0\r\n2020-07-08,10.74,10.75,10.5,10.66,10.66,440700,0.0000,1.0\r\n2020-07-07,10.61,10.76,10.56,10.65,10.65,1600'"
57,"b'00,0.0000,1.0\r\n2020-07-06,10.85,10.85,10.61,10.75,10.75,199600,0.0000,1.0\r\n2020-07-02,10.89,10.89,10.65,10.75,10.75,63200,0.0000'"
58,"b',1.0\r\n2020-07-01,10.85,10.9,10.74,10.85,10.85,76900,0.0000,1.0\r\n2020-06-30,10.41,10.83,10.41,10.75,10.75,54800,0.0000,1.0\r\n2020-'"
59,"b'06-29,10.5,10.72,10.45,10.6,10.6,773100,0.0000,1.0\r\n2020-06-26,10.47,10.47,10.42,10.445,10.445,231482,0.0000,1.0\r\n2020-06-25,10.'"
60,"b'5,10.5,10.41,10.41,10.41,17452,0.0000,1.0\r\n2020-06-24,10.46,10.46,10.425,10.45,10.45,216829,0.0000,1.0\r\n2020-06-23,10.6,10.651,1'"
61,"b'0.6,10.6,10.6,5581,0.0000,1.0\r\n2020-06-22,10.65,10.65,10.59,10.635,10.635,39791,0.0000,1.0\r\n2020-06-19,10.6,10.795,10.5,10.59,10'"
62,"b'.59,80573,0.0000,1.0\r\n2020-06-18,10.42,10.6428,10.4,10.545,10.545,160390,0.0000,1.0\r\n2020-06-17,10.4249,10.505,10.36,10.4,10.4,9'"
63,"b'2342,0.0000,1.0\r\n2020-06-16,10.4,10.4,10.4,10.4,10.4,105,0.0000,1.0\r\n2020-06-15,10.35,10.4,10.35,10.4,10.4,2344,0.0000,1.0\r\n2020'"
64,"b'-06-12,10.29,10.45,10.29,10.4,10.4,14208,0.0000,1.0\r\n2020-06-11,10.29,10.44,10.29,10.35,10.35,90644,0.0000,1.0\r\n2020-06-10,10.32'"
65,"b',10.32,10.29,10.29,10.29,781174,0.0000,1.0\r\n2020-06-09,10.29,10.45,10.29,10.35,10.35,126784,0.0000,1.0\r\n2020-06-08,10.29,10.29,1'"
66,"b'0.29,10.29,10.29,117,0.0000,1.0\r\n2020-06-05,10.3,10.35,10.28,10.29,10.29,155809,0.0000,1.0\r\n2020-06-04,10.2601,10.2601,10.2601,1'"
67,"b'0.2601,10.2601,2642,0.0000,1.0\r\n2020-06-03,10.26,10.2601,10.26,10.2601,10.2601,1090,0.0000,1.0\r\n2020-06-02,10.27,10.3,10.27,10.3'"
68,"b',10.3,86618,0.0000,1.0\r\n2020-06-01,10.25,10.25,10.25,10.25,10.25,200146,0.0000,1.0\r\n2020-05-29,10.2201,10.2201,10.2201,10.2201,1'"
69,"b'0.2201,32,0.0000,1.0\r\n2020-05-28,10.2201,10.2201,10.2201,10.2201,10.2201,501,0.0000,1.0\r\n2020-05-27,10.35,10.35,10.35,10.35,10.3'"
70,"b'5,0,0.0000,1.0\r\n2020-05-26,10.62,10.62,10.3343,10.3499,10.3499,4451,0.0000,1.0\r\n2020-05-22,10.5,11.55,10.23,10.24,10.24,108185,0'"
71,"b'.0000,1.0\r\n2020-05-21,10.225,10.225,10.225,10.225,10.225,18,0.0000,1.0\r\n2020-05-20,10.2,10.245,10.2,10.225,10.225,30891,0.0000,1'"
72,"b'.0\r\n2020-05-19,10.21,10.21,10.2,10.2,10.2,53261,0.0000,1.0\r\n2020-05-18,10.18,10.2,10.18,10.2,10.2,1902,0.0000,1.0\r\n2020-05-15,10'"
73,"b'.17,10.17,10.17,10.17,10.17,20,0.0000,1.0\r\n2020-05-14,10.16,10.17,10.16,10.17,10.17,1254,0.0000,1.0\r\n2020-05-13,10.17,10.17,10.1'"
74,"b'5,10.15,10.15,4055,0.0000,1.0\r\n2020-05-12,10.18,10.18,10.18,10.18,10.18,205,0.0000,1.0\r\n2020-05-11,10.16,10.16,10.15,10.15,10.15'"
75,"b',65401,0.0000,1.0\r\n2020-05-08,10.155,10.155,10.155,10.155,10.155,1,0.0000,1.0\r\n2020-05-07,10.155,10.22,10.15,10.155,10.155,26360'"
76,"b',0.0000,1.0\r\n2020-05-06,10.16,10.16,10.13,10.16,10.16,109020,0.0000,1.0\r\n2020-05-05,10.15,10.15,10.15,10.15,10.15,2261,0.0000,1.'"
77,"b'0\r\n2020-05-04,10.15,10.15,10.15,10.15,10.15,52,0.0000,1.0\r\n2020-05-01,10.15,10.15,10.15,10.15,10.15,0,0.0000,1.0\r\n2020-04-30,10.'"
78,"b'15,10.15,10.15,10.15,10.15,7,0.0000,1.0\r\n2020-04-29,10.15,10.15,10.15,10.15,10.15,160736,0.0000,1.0\r\n2020-04-28,10.15,10.15,10.1'"
79,"b'5,10.15,10.15,846,0.0000,1.0\r\n2020-04-27,10.15,10.16,10.15,10.15,10.15,27041,0.0000,1.0\r\n2020-04-24,10.14,10.24,10.13,10.14,10.1'"
80,"b'4,1308,0.0000,1.0\r\n2020-04-23,10.17,10.17,10.15,10.16,10.16,247725,0.0000,1.0\r\n2020-04-22,10.1501,10.1501,10.1501,10.1501,10.150'"
81,"b'1,39,0.0000,1.0\r\n2020-04-21,10.15,10.15,10.15,10.15,10.15,0,0.0000,1.0\r\n2020-04-20,10.1501,10.1501,10.1501,10.1501,10.1501,502,0'"
82,"b'.0000,1.0\r\n2020-04-17,10.15,10.17,10.14,10.15,10.15,104109,0.0000,1.0\r\n2020-04-16,10.15,10.3,10.14,10.15,10.15,649850,0.0000,1.0'"
83,"b'\r\n2020-04-15,10.14,10.16,10.1,10.14,10.14,102853,0.0000,1.0\r\n2020-04-14,10.14,10.14,10.12,10.12,10.12,1382,0.0000,1.0\r\n2020-04-1'"
84,"b'3,10.11,10.11,10.11,10.11,10.11,342,0.0000,1.0\r\n2020-04-09,10.1,10.14,10.1,10.1,10.1,13931,0.0000,1.0\r\n2020-04-08,10.12,10.15,10'"
85,"b'.12,10.13,10.13,11793,0.0000,1.0\r\n2020-04-07,10.08,10.08,10.08,10.08,10.08,9621,0.0000,1.0\r\n2020-04-06,10.09,10.13,10.09,10.11,1'"
86,"b'0.11,37121,0.0000,1.0\r\n2020-04-03,10.11,10.13,10.06,10.11,10.11,242844,0.0000,1.0\r\n2020-04-02,10.11,10.12,10.08,10.08,10.08,3636'"
87,"b'6,0.0000,1.0\r\n2020-04-01,10.11,10.13,10.08,10.1,10.1,6957,0.0000,1.0\r\n2020-03-31,10.13,10.13,10.11,10.11,10.11,808,0.0000,1.0\r\n2'"
88,"b'020-03-30,10.1,10.14,10.1,10.13,10.13,1485,0.0000,1.0\r\n2020-03-27,9.95,10.15,9.95,10.08,10.08,24142,0.0000,1.0\r\n2020-03-26,10.25'"
89,"b',10.25,10.04,10.15,10.15,5125,0.0000,1.0\r\n2020-03-25,9.9799,10.16,9.95,10.01,10.01,52987,0.0000,1.0\r\n2020-03-24,9.9202,9.98,9.92'"
90,"b',9.98,9.98,123322,0.0000,1.0\r\n2020-03-23,9.95,9.96,9.89,9.91,9.91,77925,0.0000,1.0\r\n2020-03-20,9.96,9.96,9.96,9.96,9.96,50100,0.'"
91,"b'0000,1.0\r\n2020-03-19,9.8,9.82,9.75,9.82,9.82,1368,0.0000,1.0\r\n2020-03-18,9.95,10.19,9.21,9.75,9.75,611300,0.0000,1.0\r\n2020-03-17'"
92,"b',9.95,10.3,9.95,10.19,10.19,266200,0.0000,1.0\r\n2020-03-16,10.1,10.1,10.1,10.1,10.1,600021,0.0000,1.0\r\n2020-03-13,10.225,10.26,10'"
93,"b'.1,10.1,10.1,1301530,0.0000,1.0\r\n2020-03-12,10.06,10.19,10.02,10.19,10.19,561828,0.0000,1.0\r\n2020-03-11,10.18,10.25,10.17,10.22,'"
94,"b'10.22,62858,0.0000,1.0\r\n2020-03-10,10.22,10.28,10.18,10.2,10.2,4207831,0.0000,1.0\r\n2020-03-09,10.25,10.25,10.21,10.22,10.22,5881'"
95,"b'2,0.0000,1.0\r\n2020-03-06,10.25,10.25,10.25,10.25,10.25,1400,0.0000,1.0\r\n2020-03-05,10.26,10.26,10.25,10.25,10.25,10401,0.0000,1.'"
96,"b'0\r\n2020-03-04,10.24,10.24,10.229,10.23,10.23,100702,0.0000,1.0\r\n2020-03-03,10.25,10.26,10.24,10.25,10.25,209094,0.0000,1.0\r\n2020'"
97,"b'-03-02,10.26,10.2601,10.25,10.25,10.25,604303,0.0000,1.0\r\n2020-02-28,10.28,10.28,10.23,10.26,10.26,163048,0.0000,1.0\r\n2020-02-27'"
98,"b',10.3,10.3,10.3,10.3,10.3,102,0.0000,1.0\r\n2020-02-26,10.26,10.26,10.26,10.26,10.26,7702,0.0000,1.0\r\n2020-02-25,10.28,10.28,10.25'"
99,"b',10.25,10.25,7474,0.0000,1.0\r\n2020-02-24,10.38,10.38,10.3,10.3,10.3,337204,0.0000,1.0\r\n2020-02-21,10.3,10.3,10.3,10.3,10.3,4284,'"
100,"b'0.0000,1.0\r\n2020-02-20,10.32,10.32,10.3,10.3,10.3,1323,0.0000,1.0\r\n2020-02-19,10.28,10.28,10.26,10.26,10.26,3924,0.0000,1.0\r\n202'"
101,"b'0-02-18,10.29,10.29,10.24,10.24,10.24,92346,0.0000,1.0\r\n2020-02-14,10.38,10.38,10.245,10.28,10.28,490298,0.0000,1.0\r\n2020-02-13,'"
102,"b'10.27,10.27,10.27,10.27,10.27,326,0.0000,1.0\r\n2020-02-12,10.27,10.27,10.27,10.27,10.27,2,0.0000,1.0\r\n2020-02-11,10.27,10.27,10.2'"
103,"b'7,10.27,10.27,2615,0.0000,1.0\r\n2020-02-10,10.27,10.27,10.27,10.27,10.27,100,0.0000,1.0\r\n2020-02-07,10.29,10.29,10.27,10.27,10.27'"
104,"b',3565,0.0000,1.0\r\n2020-02-06,10.28,10.29,10.24,10.24,10.24,56678,0.0000,1.0\r\n2020-02-05,10.271,10.271,10.25,10.26,10.26,208038,0'"
105,"b'.0000,1.0\r\n2020-02-04,10.26,10.28,10.255,10.26,10.26,227135,0.0000,1.0\r\n2020-02-03,10.26,10.26,10.24,10.24,10.24,6986,0.0000,1.0'"
106,"b'\r\n2020-01-31,10.23,10.23,10.23,10.23,10.23,250060,0.0000,1.0\r\n2020-01-30,10.23,10.26,10.23,10.23,10.23,37601,0.0000,1.0\r\n2020-01'"
107,"b'-29,10.23,10.23,10.23,10.23,10.23,0,0.0000,1.0\r\n2020-01-28,10.23,10.24,10.23,10.23,10.23,4266,0.0000,1.0\r\n2020-01-27,10.23,10.23'"
108,"b',10.2263,10.2263,10.2263,18010,0.0000,1.0\r\n2020-01-24,10.25,10.25,10.25,10.25,10.25,2973,0.0000,1.0\r\n2020-01-23,10.26,10.26,10.2'"
109,"b'6,10.26,10.26,20,0.0000,1.0\r\n2020-01-22,10.23,10.26,10.23,10.26,10.26,5312,0.0000,1.0\r\n2020-01-21,10.21,10.25,10.21,10.23,10.23,'"
110,"b'581118,0.0000,1.0\r\n2020-01-17,10.23,10.23,10.23,10.23,10.23,5643,0.0000,1.0\r\n2020-01-16,10.24,10.25,10.22,10.25,10.25,75663,0.00'"
111,"b'00,1.0\r\n2020-01-15,10.2,10.23,10.2,10.22,10.22,523497,0.0000,1.0\r\n2020-01-14,10.2,10.2,10.2,10.2,10.2,530325,0.0000,1.0\r\n2020-01'"
112,"b'-13,10.2,10.2,10.2,10.2,10.2,3,0.0000,1.0\r\n2020-01-10,10.2,10.2,10.2,10.2,10.2,1000,0.0000,1.0\r\n2020-01-09,10.2,10.21,10.2,10.2,'"
113,"b'10.2,39211,0.0000,1.0\r\n2020-01-08,10.2,10.24,10.2,10.24,10.24,625470,0.0000,1.0\r\n2020-01-07,10.2,10.2,10.19,10.19,10.19,300125,0'"
114,"b'.0000,1.0\r\n2020-01-06,10.16,10.18,10.16,10.18,10.18,53100,0.0000,1.0\r\n2020-01-03,10.16,10.16,10.16,10.16,10.16,19274,0.0000,1.0\r'"
115,"b'\n2020-01-02,10.15,10.1602,10.15,10.16,10.16,64080,0.0000,1.0\r\n2019-12-31,10.14,10.16,10.14,10.16,10.16,45785,0.0000,1.0\r\n2019-12'"
116,"b'-30,10.15,10.16,10.15,10.16,10.16,5275,0.0000,1.0\r\n2019-12-27,10.14,10.14,10.14,10.14,10.14,100501,0.0000,1.0\r\n2019-12-26,10.13,'"
117,"b'10.13,10.13,10.13,10.13,1000,0.0000,1.0\r\n2019-12-24,10.14,10.14,10.14,10.14,10.14,0,0.0000,1.0\r\n2019-12-23,10.14,10.14,10.14,10.'"
118,"b'14,10.14,2300,0.0000,1.0\r\n2019-12-20,10.14,10.15,10.14,10.15,10.15,24465,0.0000,1.0\r\n2019-12-19,10.14,10.15,10.11,10.15,10.15,12'"
119,"b'1080,0.0000,1.0\r\n2019-12-18,10.13,10.135,10.12,10.13,10.13,6100,0.0000,1.0\r\n2019-12-17,10.13,10.13,10.13,10.13,10.13,1950,0.0000'"
120,"b',1.0\r\n2019-12-16,10.11,10.14,10.11,10.14,10.14,5906,0.0000,1.0\r\n2019-12-13,10.1,10.1,10.1,10.1,10.1,2219,0.0000,1.0\r\n2019-12-12,'"
121,"b'10.1,10.1,10.1,10.1,10.1,36917,0.0000,1.0\r\n2019-12-11,10.1,10.1,10.1,10.1,10.1,2002,0.0000,1.0\r\n2019-12-10,10.09,10.09,10.08,10.'"
122,"b'09,10.09,27100,0.0000,1.0\r\n2019-12-09,10.08,10.09,10.08,10.09,10.09,13000,0.0000,1.0\r\n2019-12-06,10.09,10.09,10.09,10.09,10.09,1'"
123,"b'00,0.0000,1.0\r\n2019-12-05,10.09,10.09,10.09,10.09,10.09,2605,0.0000,1.0\r\n2019-12-04,10.08,10.0801,10.08,10.0801,10.0801,4100,0.0'"
124,"b'000,1.0\r\n2019-12-03,10.07,10.07,10.07,10.07,10.07,0,0.0000,1.0\r\n2019-12-02,10.07,10.07,10.07,10.07,10.07,300,0.0000,1.0\r\n2019-11'"
125,"b'-29,10.06,10.07,10.06,10.07,10.07,16527,0.0000,1.0\r\n2019-11-27,10.06,10.06,10.06,10.06,10.06,1055,0.0000,1.0\r\n2019-11-26,10.06,1'"
126,"b'0.06,10.06,10.06,10.06,1010,0.0000,1.0\r\n2019-11-25,10.06,10.06,10.06,10.06,10.06,1010,0.0000,1.0\r\n2019-11-22,10.05,10.05,10.05,1'"
127,"b'0.05,10.05,1001,0.0000,1.0\r\n2019-11-21,10.04,10.04,10.04,10.04,10.04,0,0.0000,1.0\r\n2019-11-20,10.04,10.05,10.04,10.04,10.04,3300'"
128,"b',0.0000,1.0\r\n2019-11-19,10.04,10.04,10.04,10.04,10.04,15611,0.0000,1.0\r\n2019-11-18,10.06,10.06,10.03,10.03,10.03,445,0.0000,1.0\r'"
129,"b'\n2019-11-15,10.03,10.03,10.03,10.03,10.03,0,0.0000,1.0\r\n2019-11-14,10.03,10.03,10.03,10.03,10.03,0,0.0000,1.0\r\n2019-11-13,10.04,'"
130,"b'10.04,10.03,10.0301,10.0301,1757,0.0000,1.0\r\n2019-11-12,10.06,10.06,10.06,10.06,10.06,0,0.0000,1.0\r\n2019-11-11,10.06,10.06,10.06'"
131,"b',10.06,10.06,158,0.0000,1.0\r\n2019-11-08,10.08,10.08,10.05,10.05,10.05,4400,0.0000,1.0\r\n2019-11-07,10.05,10.06,10.05,10.05,10.05,'"
132,"b'52042,0.0000,1.0\r\n2019-11-06,10.06,10.06,10.05,10.05,10.05,3001,0.0000,1.0\r\n2019-11-05,10.03,10.05,10.03,10.05,10.05,3300,0.0000'"
133,"b',1.0\r\n2019-11-04,10.06,10.06,10.06,10.06,10.06,0,0.0000,1.0\r\n2019-11-01,10.05,10.06,10.05,10.06,10.06,301,0.0000,1.0\r\n2019-10-31'"
134,"b',10.03,10.05,10.03,10.05,10.05,2403,0.0000,1.0\r\n2019-10-30,10.048,10.06,10.03,10.03,10.03,200300,0.0000,1.0\r\n2019-10-29,10.04,10'"
135,"b'.04,10.04,10.04,10.04,359,0.0000,1.0\r\n2019-10-28,10.06,10.06,10.06,10.06,10.06,0,0.0000,1.0\r\n2019-10-25,10.06,10.06,10.06,10.06,'"
136,"b'10.06,0,0.0000,1.0\r\n2019-10-24,10.06,10.06,10.06,10.06,10.06,0,0.0000,1.0\r\n2019-10-23,10.06,10.06,10.06,10.06,10.06,2,0.0000,1.0'"
137,"b'\r\n2019-10-22,10.06,10.06,10.06,10.06,10.06,0,0.0000,1.0\r\n2019-10-21,10.06,10.06,10.06,10.06,10.06,126,0.0000,1.0\r\n2019-10-18,10.'"
138,"b'01,10.03,10.01,10.03,10.03,4021,0.0000,1.0\r\n2019-10-17,10.0,10.0,10.0,10.0,10.0,1071,0.0000,1.0\r\n2019-10-16,10.0,10.0,10.0,10.0,'"
139,"b'10.0,227,0.0000,1.0\r\n2019-10-15,10.0,10.0,10.0,10.0,10.0,368,0.0000,1.0\r\n2019-10-14,9.96,9.96,9.96,9.96,9.96,33,0.0000,1.0\r\n2019'"
140,"b'-10-11,10.05,10.05,9.96,9.96,9.96,7532,0.0000,1.0\r\n2019-10-10,10.06,10.06,10.0,10.06,10.06,663,0.0000,1.0\r\n2019-10-09,10.1,10.1,'"
141,"b'10.09,10.09,10.09,465,0.0000,1.0\r\n2019-10-08,10.14,10.14,10.14,10.14,10.14,198,0.0000,1.0\r\n2019-10-07,10.01,10.01,10.01,10.01,10'"
142,"b'.01,1901,0.0000,1.0\r\n2019-10-04,10.01,10.01,10.01,10.01,10.01,0,0.0000,1.0\r\n2019-10-03,10.01,10.01,10.01,10.01,10.01,0,0.0000,1.'"
143,"b'0\r\n2019-10-02,10.01,10.01,10.01,10.01,10.01,40,0.0000,1.0\r\n2019-10-01,10.01,10.01,10.01,10.01,10.01,100,0.0000,1.0\r\n2019-09-30,1'"
144,"b'0.01,10.01,10.01,10.01,10.01,10,0.0000,1.0\r\n2019-09-27,10.01,10.01,10.01,10.01,10.01,20,0.0000,1.0\r\n2019-09-26,10.0,10.01,10.0,1'"
145,"b'0.01,10.01,3120,0.0000,1.0\r\n2019-09-25,10.07,10.07,10.0,10.0,10.0,9128,0.0000,1.0\r\n2019-09-24,10.08,10.08,10.05,10.05,10.05,1684'"
146,"b',0.0000,1.0\r\n2019-09-23,10.12,10.12,10.12,10.12,10.12,200,0.0000,1.0\r\n2019-09-20,10.02,10.175,10.0,10.15,10.15,4798,0.0000,1.0\r\n'"
147,"b'2019-09-19,10.02,10.02,10.02,10.02,10.02,10364,0.0000,1.0\r\n2019-09-18,10.01,10.01,9.99,10.0,10.0,24802,0.0000,1.0\r\n2019-09-17,10'"
148,"b'.01,10.01,10.01,10.01,10.01,0,0.0000,1.0\r\n2019-09-16,10.01,10.01,10.01,10.01,10.01,132,0.0000,1.0\r\n2019-09-13,10.01,10.02,10.01,'"
149,"b'10.01,10.01,2168,0.0000,1.0\r\n2019-09-12,10.02,10.02,10.02,10.02,10.02,100,0.0000,1.0\r\n2019-09-11,10.04,10.04,10.02,10.02,10.02,1'"
150,"b'0662,0.0000,1.0\r\n2019-09-10,10.0,10.05,10.0,10.05,10.05,4732,0.0000,1.0\r\n2019-09-09,10.0,10.0,10.0,10.0,10.0,75006,0.0000,1.0\r\n2'"
151,"b'019-09-06,10.0,10.01,10.0,10.01,10.01,107648,0.0000,1.0\r\n2019-09-05,10.0,10.0,10.0,10.0,10.0,2102,0.0000,1.0\r\n2019-09-04,10.0,10'"
152,"b'.0,10.0,10.0,10.0,7922,0.0000,1.0\r\n2019-09-03,10.0,10.0,10.0,10.0,10.0,4480,0.0000,1.0\r\n2019-08-30,10.0,10.02,10.0,10.02,10.02,5'"
153,"b'1861,0.0000,1.0\r\n2019-08-29,9.9936,9.9936,9.9936,9.9936,9.9936,1016,0.0000,1.0\r\n2019-08-28,10.0,10.0,10.0,10.0,10.0,17704,0.0000'"
154,"b',1.0\r\n2019-08-27,9.975,9.98,9.97,9.98,9.98,93811,0.0000,1.0\r\n2019-08-26,9.97,9.97,9.97,9.97,9.97,500,0.0000,1.0\r\n2019-08-23,9.97'"
155,"b',9.97,9.9501,9.97,9.97,11539,0.0000,1.0\r\n2019-08-22,9.98,9.98,9.98,9.98,9.98,549,0.0000,1.0\r\n2019-08-21,10.0,10.0,10.0,10.0,10.0'"
156,"b',10061,0.0000,1.0\r\n2019-08-20,9.99,9.99,9.99,9.99,9.99,1014,0.0000,1.0\r\n2019-08-19,9.98,9.98,9.98,9.98,9.98,4700,0.0000,1.0\r\n201'"
157,"b'9-08-16,9.98,9.98,9.98,9.98,9.98,880,0.0000,1.0\r\n2019-08-15,9.95,9.99,9.94,9.99,9.99,76398,0.0000,1.0\r\n2019-08-14,9.97,9.98,9.97'"
158,"b',9.98,9.98,3725,0.0000,1.0\r\n2019-08-13,9.964,9.964,9.964,9.964,9.964,194,0.0000,1.0\r\n2019-08-12,9.97,9.97,9.97,9.97,9.97,48,0.00'"
159,"b'00,1.0\r\n2019-08-09,9.98,9.99,9.97,9.97,9.97,304100,0.0000,1.0\r\n2019-08-08,10.0,10.0,9.97,9.97,9.97,304072,0.0000,1.0\r\n2019-08-07'"
160,"b',10.0,10.0,10.0,10.0,10.0,132207,0.0000,1.0\r\n2019-08-06,9.98,10.09,9.98,10.0,10.0,658803,0.0000,1.0\r\n2019-08-05,9.97,9.98,9.97,9'"
161,"b'.98,9.98,700,0.0000,1.0\r\n2019-08-02,9.98,9.98,9.97,9.98,9.98,825173,0.0000,1.0\r\n2019-08-01,10.0,10.0,9.97,9.97,9.97,2258358,0.00'"
162,"b'00,1.0\r\n2019-07-31,9.98,10.0,9.96,9.99,9.99,4302,0.0000,1.0\r\n2019-07-30,9.96,9.96,9.96,9.96,9.96,3,0.0000,1.0\r\n2019-07-29,9.96,9'"
163,"b'.96,9.96,9.96,9.96,100,0.0000,1.0\r\n2019-07-26,9.96,9.96,9.96,9.96,9.96,205,0.0000,1.0\r\n2019-07-25,9.96,9.96,9.96,9.96,9.96,4904,'"
164,"b'0.0000,1.0\r\n2019-07-24,9.95,9.95,9.95,9.95,9.95,10,0.0000,1.0\r\n2019-07-23,9.95,9.95,9.93,9.95,9.95,1602,0.0000,1.0\r\n2019-07-22,1'"
165,"b'0.0,10.0,10.0,10.0,10.0,12,0.0000,1.0\r\n2019-07-19,10.0,10.0,10.0,10.0,10.0,2871,0.0000,1.0\r\n2019-07-18,10.0,10.0,10.0,10.0,10.0,'"
166,"b'1000,0.0000,1.0\r\n2019-07-17,9.975,9.975,9.975,9.975,9.975,100000,0.0000,1.0\r\n2019-07-16,9.95,9.975,9.95,9.975,9.975,367857,0.000'"
167,"b'0,1.0\r\n2019-07-15,9.9439,9.95,9.9321,9.9374,9.9374,36141,0.0000,1.0\r\n2019-07-12,9.93,9.93,9.93,9.93,9.93,2,0.0000,1.0\r\n2019-07-1'"
168,"b'1,9.93,9.93,9.93,9.93,9.93,0,0.0000,1.0\r\n2019-07-10,9.9085,9.93,9.9085,9.93,9.93,52103,0.0000,1.0\r\n2019-07-09,9.9,9.9,9.9,9.9,9.'"
169,"b'9,20000,0.0000,1.0\r\n2019-07-08,9.9,9.95,9.9,9.9,9.9,37691,0.0000,1.0\r\n2019-07-05,9.9,9.9,9.9,9.9,9.9,1,0.0000,1.0\r\n2019-07-03,9.'"
170,"b'9,9.9,9.9,9.9,9.9,3100,0.0000,1.0\r\n2019-07-02,9.9,9.9,9.89,9.9,9.9,39940,0.0000,1.0\r\n2019-07-01,9.9,9.91,9.9,9.9,9.9,49400,0.000'"
171,"b'0,1.0\r\n2019-06-28,9.99,9.99,9.9,9.9,9.9,4016,0.0000,1.0\r\n2019-06-27,9.92,9.95,9.92,9.92,9.92,453625,0.0000,1.0\r\n2019-06-26,9.96,'"
172,"b'9.96,9.945,9.945,9.945,29055,0.0000,1.0\r\n2019-06-25,9.95,9.95,9.95,9.95,9.95,100,0.0000,1.0\r\n2019-06-24,9.95,9.95,9.95,9.95,9.95'"
173,"b',401,0.0000,1.0\r\n2019-06-21,9.92,9.95,9.92,9.94,9.94,202642,0.0000,1.0\r\n2019-06-20,9.9,9.9,9.9,9.9,9.9,35100,0.0000,1.0\r\n2019-06'"
174,"b'-18,9.93,9.93,9.92,9.92,9.92,102000,0.0000,1.0\r\n2019-06-17,10.05,10.05,9.95,9.95,9.95,51349,0.0000,1.0\r\n2019-06-14,9.88,10.05,9.'"
175,"b'88,10.05,10.05,6719,0.0000,1.0\r\n2019-06-13,9.9,9.9,9.88,9.88,9.88,4771,0.0000,1.0\r\n2019-06-12,9.95,9.95,9.9,9.9,9.9,4100,0.0000,'"
176,"b'1.0\r\n2019-06-11,9.9,9.9,9.9,9.9,9.9,60880,0.0000,1.0\r\n2019-06-10,9.88,9.88,9.88,9.88,9.88,80685,0.0000,1.0\r\n2019-06-06,9.865,9.9'"
177,"b'6,9.865,9.88,9.88,144724,0.0000,1.0\r\n2019-06-05,9.88,9.88,9.86,9.86,9.86,400,0.0000,1.0\r\n2019-06-04,9.8799,9.88,9.8799,9.88,9.88'"
178,"b',3910,0.0000,1.0\r\n2019-06-03,9.88,9.88,9.88,9.88,9.88,0,0.0000,1.0\r\n2019-05-31,9.88,9.89,9.87,9.88,9.88,21660,0.0000,1.0\r\n2019-0'"
179,"b'5-30,9.89,9.92,9.85,9.88,9.88,84561,0.0000,1.0\r\n2019-05-29,9.87,9.87,9.87,9.87,9.87,1081,0.0000,1.0\r\n2019-05-28,9.87,9.87,9.87,9'"
180,"b'.87,9.87,1,0.0000,1.0\r\n2019-05-24,9.86,9.9,9.85,9.87,9.87,38545,0.0000,1.0\r\n2019-05-23,9.85,9.86,9.85,9.86,9.86,26276,0.0000,1.0'"
181,"b'\r\n2019-05-22,9.85,9.87,9.85,9.86,9.86,63505,0.0000,1.0\r\n2019-05-21,9.87,9.87,9.85,9.85,9.85,15362,0.0000,1.0\r\n2019-05-20,9.87,9.'"
182,"b'87,9.87,9.87,9.87,0,0.0000,1.0\r\n2019-05-17,9.87,9.87,9.87,9.87,9.87,1308610,0.0000,1.0\r\n2019-05-16,9.87,9.87,9.87,9.87,9.87,1,0.'"
183,"b'0000,1.0\r\n2019-05-15,9.85,9.88,9.85,9.87,9.87,196538,0.0000,1.0\r\n2019-05-14,9.85,9.87,9.85,9.86,9.86,50547,0.0000,1.0\r\n2019-05-1'"
184,"b'3,9.8515,9.8515,9.8515,9.8515,9.8515,196,0.0000,1.0\r\n2019-05-10,9.86,9.87,9.86,9.87,9.87,51000,0.0000,1.0\r\n2019-05-09,9.86,9.86,'"
185,"b'9.86,9.86,9.86,3300,0.0000,1.0\r\n2019-05-08,9.86,9.86,9.86,9.86,9.86,11,0.0000,1.0\r\n2019-05-07,9.86,9.86,9.86,9.86,9.86,0,0.0000,'"
186,"b'1.0\r\n2019-05-06,9.86,9.87,9.86,9.86,9.86,24205,0.0000,1.0\r\n2019-05-03,9.8961,9.905,9.86,9.86,9.86,708,0.0000,1.0\r\n2019-05-02,9.8'"
187,"b'6,9.86,9.86,9.86,9.86,201,0.0000,1.0\r\n2019-05-01,9.84,9.84,9.84,9.84,9.84,0,0.0000,1.0\r\n2019-04-30,9.84,9.84,9.84,9.84,9.84,1095'"
188,"b'2,0.0000,1.0\r\n2019-04-29,9.86,9.86,9.86,9.86,9.86,1470036,0.0000,1.0\r\n2019-04-26,9.88,9.88,9.86,9.86,9.86,130549,0.0000,1.0\r\n201'"
189,"b'9-04-25,9.85,9.89,9.85,9.87,9.87,141695,0.0000,1.0\r\n2019-04-24,9.84,9.85,9.84,9.85,9.85,18418,0.0000,1.0\r\n2019-04-23,9.81,9.81,9'"
190,"b'.81,9.81,9.81,111,0.0000,1.0\r\n2019-04-22,9.84,9.84,9.84,9.84,9.84,12,0.0000,1.0\r\n2019-04-18,9.87,10.34,9.84,9.84,9.84,21218,0.00'"
191,"b'00,1.0\r\n2019-04-17,9.89,9.89,9.83,9.84,9.84,138083,0.0000,1.0\r\n2019-04-16,9.84,9.85,9.82,9.84,9.84,770500,0.0000,1.0\r\n2018-10-17'"
192,"b',10.2037,10.23,10.2037,10.2223,10.2223,1210,0.0000,1.0\r\n2018-10-16,10.24,10.32,10.17,10.17,10.17,1681426,0.0000,1.0\r\n2018-10-15,'"
193,"b'10.17,10.26,10.1,10.23,10.23,887600,0.0000,1.0\r\n2018-10-12,10.1,10.1462,10.03,10.03,10.03,6409,0.0000,1.0\r\n2018-10-11,10.13,10.1'"
194,"b'5,10.04,10.15,10.15,23849,0.0000,1.0\r\n2018-10-10,10.17,10.17,10.135,10.17,10.17,1902,0.0000,1.0\r\n2018-10-09,10.14,10.15,10.14,10'"
195,"b'.15,10.15,6813,0.0000,1.0\r\n2018-10-08,10.1,10.17,10.1,10.1443,10.1443,9899,0.0000,1.0\r\n2018-10-05,10.1666,10.19,10.1,10.13,10.13'"
196,"b',26807,0.0000,1.0\r\n2018-10-04,10.19,10.19,10.12,10.1469,10.1469,44810,0.0000,1.0\r\n2018-10-03,10.1763,10.19,10.17,10.18,10.18,252'"
197,"b'02,0.0000,1.0\r\n2018-10-02,10.1973,10.25,10.15,10.15,10.15,70109,0.0000,1.0\r\n2018-10-01,10.21,10.21,10.17,10.17,10.17,7078,0.0000'"
198,"b',1.0\r\n2018-09-28,10.22,10.25,10.18,10.19,10.19,34713,0.0000,1.0\r\n2018-09-27,10.1796,10.2,10.1796,10.18,10.18,14672,0.0000,1.0\r\n2'"
199,"b'018-09-26,10.199,10.21,10.18,10.18,10.18,21085,0.0000,1.0\r\n2018-09-25,10.1901,10.23,10.18,10.18,10.18,67320,0.0000,1.0\r\n2018-09-'"
200,"b'24,10.18,10.2,10.16,10.173,10.173,32397,0.0000,1.0\r\n2018-09-21,10.17,10.18,10.14,10.1473,10.1473,30572,0.0000,1.0\r\n2018-09-20,10'"
201,"b'.16,10.2,10.15,10.19,10.19,2329,0.0000,1.0\r\n2018-09-19,10.23,10.23,10.23,10.23,10.23,167,0.0000,1.0\r\n2018-09-18,10.13,10.2,10.11'"
202,"b',10.11,10.11,543,0.0000,1.0\r\n2018-09-17,10.15,10.15,10.14,10.14,10.14,3230,0.0000,1.0\r\n2018-09-14,10.2,10.2,10.1477,10.1477,10.1'"
203,"b'477,25678,0.0000,1.0\r\n2018-09-13,10.25,10.25,10.14,10.14,10.14,1036,0.0000,1.0\r\n2018-09-12,10.17,10.17,10.17,10.17,10.17,69,0.00'"
204,"b'00,1.0\r\n2018-09-11,10.17,10.17,10.17,10.17,10.17,210,0.0000,1.0\r\n2018-09-10,10.23,10.23,10.15,10.15,10.15,78808,0.0000,1.0\r\n2018'"
205,"b'-09-07,10.17,10.18,10.14,10.14,10.14,1251,0.0000,1.0\r\n2018-09-06,10.25,10.25,10.05,10.05,10.05,427,0.0000,1.0\r\n2018-09-05,10.18,'"
206,"b'10.18,10.18,10.18,10.18,67,0.0000,1.0\r\n2018-09-04,10.2,10.25,10.16,10.18,10.18,38008,0.0000,1.0\r\n2018-08-31,10.19,10.26,10.15,10'"
207,"b'.26,10.26,265888,0.0000,1.0\r\n2018-08-30,10.15,10.2,10.05,10.05,10.05,1067936,0.0000,1.0\r\n2018-08-29,10.12,10.12,10.12,10.12,10.1'"
208,"b'2,198,0.0000,1.0\r\n2018-08-28,10.19,10.19,10.19,10.19,10.19,108,0.0000,1.0\r\n2018-08-27,10.12,10.12,10.07,10.07,10.07,608,0.0000,1'"
209,"b'.0\r\n2018-08-24,10.12,10.12,10.11,10.12,10.12,673,0.0000,1.0\r\n2018-08-23,10.11,10.14,10.08,10.08,10.08,2788,0.0000,1.0\r\n2018-08-2'"
210,"b'2,10.1,10.1,10.1,10.1,10.1,303,0.0000,1.0\r\n2018-08-21,10.11,10.11,10.11,10.11,10.11,244,0.0000,1.0\r\n2018-08-20,10.1,10.13,10.05,'"
211,"b'10.1,10.1,115542,0.0000,1.0\r\n2018-08-17,10.1,10.1,10.09,10.09,10.09,32792,0.0000,1.0\r\n2018-08-16,10.1,10.1,10.09,10.1,10.1,1992,'"
212,"b'0.0000,1.0\r\n2018-08-15,10.08,10.11,10.08,10.09,10.09,159750,0.0000,1.0\r\n2018-08-14,10.1105,10.14,10.0501,10.12,10.12,19350,0.000'"
213,"b'0,1.0\r\n2018-08-13,10.1,10.1,9.99,9.99,9.99,2152,0.0000,1.0\r\n2018-08-10,10.08,10.13,10.08,10.13,10.13,2429,0.0000,1.0\r\n2018-08-09'"
214,"b',10.09,10.12,10.09,10.12,10.12,15967,0.0000,1.0\r\n2018-08-08,10.1,10.13,10.1,10.12,10.12,100449,0.0000,1.0\r\n2018-08-07,10.1332,10'"
215,"b'.1332,10.095,10.095,10.095,67023,0.0000,1.0\r\n2018-08-06,10.15,10.15,10.11,10.13,10.13,6590,0.0000,1.0\r\n2018-08-03,10.15,10.15,10'"
216,"b'.12,10.12,10.12,1273,0.0000,1.0\r\n2018-08-02,10.13,10.13,10.11,10.12,10.12,42936,0.0000,1.0\r\n2018-08-01,10.13,10.13,10.13,10.13,1'"
217,"b'0.13,554,0.0000,1.0\r\n2018-07-31,10.11,10.11,10.11,10.11,10.11,200083,0.0000,1.0\r\n2018-07-30,10.1327,10.15,10.12,10.13,10.13,6014'"
218,"b',0.0000,1.0\r\n2018-07-27,10.12,10.12,10.12,10.12,10.12,98,0.0000,1.0\r\n2018-07-26,10.08,10.12,10.08,10.12,10.12,101848,0.0000,1.0\r'"
219,"b'\n2018-07-25,10.0975,10.1,10.08,10.1,10.1,211803,0.0000,1.0\r\n2018-07-24,10.08,10.12,10.08,10.12,10.12,11655,0.0000,1.0\r\n2018-07-2'"
220,"b'3,10.12,10.12,10.08,10.08,10.08,8000,0.0000,1.0\r\n2018-07-20,10.12,10.13,10.11,10.11,10.11,151690,0.0000,1.0\r\n2018-07-19,10.1,10.'"
221,"b'12,10.1,10.11,10.11,75731,0.0000,1.0\r\n2018-07-18,10.1,10.13,10.08,10.12,10.12,492114,0.0000,1.0\r\n2018-07-17,10.12,10.12,10.11,10'"
222,"b'.11,10.11,1000,0.0000,1.0\r\n2018-07-16,10.12,10.12,10.1,10.1124,10.1124,1763755,0.0000,1.0\r\n2018-07-13,10.13,10.13,10.12,10.1214,'"
223,"b'10.1214,43602,0.0000,1.0\r\n2018-07-12,10.14,10.14,10.125,10.125,10.125,1202,0.0000,1.0\r\n2018-07-11,10.13,10.15,10.125,10.13,10.13'"
224,"b',51869,0.0000,1.0\r\n2018-07-10,10.14,10.15,10.13,10.13,10.13,918967,0.0000,1.0\r\n2018-07-09,10.1485,10.15,10.1485,10.15,10.15,4398'"
225,"b',0.0000,1.0\r\n2018-07-06,10.13,10.15,10.13,10.13,10.13,405400,0.0000,1.0\r\n2018-07-05,10.14,10.14,10.13,10.13,10.13,100000,0.0000,'"
226,"b'1.0\r\n2018-07-03,10.15,10.15,10.15,10.15,10.15,0,0.0000,1.0\r\n2018-07-02,10.15,10.15,10.15,10.15,10.15,2500,0.0000,1.0\r\n2018-06-29'"
227,"b',10.15,10.15,10.13,10.14,10.14,516548,0.0000,1.0\r\n2018-06-28,10.15,10.16,10.14,10.14,10.14,1473168,0.0000,1.0\r\n2018-06-27,10.17,'"
228,"b'10.18,10.15,10.15,10.15,1995353,0.0000,1.0\r\n2018-06-26,10.04,10.04,10.04,10.04,10.04,5435836,0.0000,1.0\r\n2018-06-25,10.05,10.05,'"
229,"b'10.04,10.04,10.04,1100,0.0000,1.0\r\n2018-06-22,10.03,10.03,10.03,10.03,10.03,0,0.0000,1.0\r\n2018-06-21,10.03,10.03,10.03,10.03,10.'"
230,"b'03,0,0.0000,1.0\r\n2018-06-20,10.03,10.03,10.03,10.03,10.03,0,0.0000,1.0\r\n2018-06-19,9.99,10.03,9.99,10.03,10.03,25108,0.0000,1.0\r'"
231,"b'\n2018-06-18,10.04,10.04,10.024,10.024,10.024,650,0.0000,1.0\r\n2018-06-15,10.03,10.04,10.022,10.04,10.04,2918,0.0000,1.0\r\n2018-06-'"
232,"b'14,10.04,10.04,10.04,10.04,10.04,100000,0.0000,1.0\r\n2018-06-13,10.05,10.05,10.05,10.05,10.05,119500,0.0000,1.0\r\n2018-06-12,10.05'"
233,"b',10.05,10.05,10.05,10.05,32100,0.0000,1.0\r\n2018-06-11,10.03,10.03,10.015,10.015,10.015,75948,0.0000,1.0\r\n2018-06-08,10.03,10.031'"
234,"b',10.03,10.031,10.031,400,0.0000,1.0\r\n2018-06-07,10.04,10.04,10.04,10.04,10.04,5000,0.0000,1.0\r\n2018-06-06,10.01,10.05,10.0,10.0,'"
235,"b'10.0,204648,0.0000,1.0\r\n2018-06-05,9.98,9.98,9.98,9.98,9.98,149,0.0000,1.0\r\n2018-06-04,10.0,10.0,10.0,10.0,10.0,0,0.0000,1.0\r\n20'"
236,"b'18-06-01,9.99,10.0,9.99,10.0,10.0,102900,0.0000,1.0\r\n2018-05-31,10.0,10.0,10.0,10.0,10.0,30,0.0000,1.0\r\n2018-05-30,10.0,10.0,10.'"
237,"b'0,10.0,10.0,0,0.0000,1.0\r\n2018-05-29,10.0,10.0,10.0,10.0,10.0,196,0.0000,1.0\r\n2018-05-25,10.0,10.0,10.0,10.0,10.0,2255,0.0000,1.'"
238,"b'0\r\n2018-05-24,9.99,10.0,9.97,9.97,9.97,5871,0.0000,1.0\r\n2018-05-23,10.01,10.01,10.01,10.01,10.01,33,0.0000,1.0\r\n2018-05-22,10.1,'"
239,"b'10.1,10.01,10.01,10.01,409,0.0000,1.0\r\n2018-05-21,9.96,10.03,9.96,10.03,10.03,3021,0.0000,1.0\r\n2018-05-18,10.4,11.0,9.99,10.11,1'"
240,"b'0.11,19317,0.0000,1.0\r\n2018-05-17,9.97,9.97,9.97,9.97,9.97,98,0.0000,1.0\r\n2018-05-16,9.97,9.97,9.97,9.97,9.97,38005,0.0000,1.0\r\n'"
241,"b'2018-05-15,9.96,9.99,9.96,9.97,9.97,301200,0.0000,1.0\r\n2018-05-14,9.96,9.96,9.96,9.96,9.96,501,0.0000,1.0\r\n2018-05-11,9.96,9.96,'"
242,"b'9.96,9.96,9.96,237,0.0000,1.0\r\n2018-05-10,9.95,9.99,9.95,9.99,9.99,739,0.0000,1.0\r\n2018-05-09,9.97,9.9717,9.96,9.96,9.96,26961,0'"
243,"b'.0000,1.0\r\n2018-05-08,9.97,9.97,9.96,9.97,9.97,4999,0.0000,1.0\r\n2018-05-07,9.95,9.95,9.95,9.95,9.95,501,0.0000,1.0\r\n2018-05-04,1'"
244,"b'0.01,10.01,10.01,10.01,10.01,329,0.0000,1.0\r\n2018-05-03,9.95,9.95,9.95,9.95,9.95,140,0.0000,1.0\r\n2018-05-02,9.95,9.98,9.95,9.96,'"
245,"b'9.96,8530,0.0000,1.0\r\n2018-05-01,9.96,9.97,9.95,9.97,9.97,103318,0.0000,1.0\r\n2018-04-30,9.95,9.96,9.95,9.95,9.95,118323,0.0000,1'"
246,"b'.0\r\n2018-04-27,9.97,9.97,9.93,9.93,9.93,1139,0.0000,1.0\r\n2018-04-26,9.99,9.99,9.96,9.97,9.97,3571,0.0000,1.0\r\n2018-04-25,9.95,9.'"
247,"b'97,9.95,9.9692,9.9692,1898475,0.0000,1.0\r\n2018-04-24,9.97,9.97,9.95,9.95,9.95,6932,0.0000,1.0\r\n2018-04-23,9.97,9.97,9.96,9.97,9.'"
248,"b'97,2096,0.0000,1.0\r\n2018-04-20,9.9392,10.0,9.9392,10.0,10.0,3714,0.0000,1.0\r\n2018-04-19,9.9492,9.9492,9.94,9.94,9.94,1500,0.0000'"
249,"b',1.0\r\n2018-04-18,9.93,9.9392,9.93,9.9392,9.9392,19900,0.0000,1.0\r\n2018-04-17,9.93,9.93,9.93,9.93,9.93,2575,0.0000,1.0\r\n2018-04-1'"
250,"b'6,9.9201,9.94,9.9201,9.93,9.93,19200,0.0000,1.0\r\n2018-04-13,9.93,9.93,9.92,9.93,9.93,8500,0.0000,1.0\r\n2018-04-12,9.94,9.94,9.94,'"
251,"b'9.94,9.94,5000,0.0000,1.0\r\n2018-04-11,9.94,9.94,9.94,9.94,9.94,0,0.0000,1.0\r\n2018-04-10,9.9101,9.94,9.9101,9.94,9.94,7080,0.0000'"
252,"b',1.0\r\n2018-04-09,9.9317,9.9317,9.93,9.93,9.93,1800,0.0000,1.0\r\n2018-04-06,9.92,9.92,9.92,9.92,9.92,5100,0.0000,1.0\r\n2018-04-05,9'"
253,"b'.91,9.91,9.91,9.91,9.91,100,0.0000,1.0\r\n2018-04-04,9.88,9.9314,9.88,9.93,9.93,129387,0.0000,1.0\r\n2018-04-03,9.9093,9.93,9.9093,9'"
254,"b'.93,9.93,2100,0.0000,1.0\r\n2018-04-02,9.91,9.91,9.9,9.9,9.9,63200,0.0000,1.0\r\n2018-03-29,9.9,9.9,9.9,9.9,9.9,81902,0.0000,1.0\r\n20'"
255,"b'18-03-28,9.91,9.91,9.91,9.91,9.91,0,0.0000,1.0\r\n2018-03-27,9.91,9.91,9.91,9.91,9.91,200,0.0000,1.0\r\n2018-03-26,9.9,9.99,9.89,9.9'"
256,"b'9,9.99,11809,0.0000,1.0\r\n2018-03-23,10.2,10.2,9.88,10.0,10.0,51500,0.0000,1.0\r\n2018-03-22,9.89,9.89,9.89,9.89,9.89,1000,0.0000,1'"
257,"b'.0\r\n2018-03-21,9.88,9.88,9.88,9.88,9.88,1500,0.0000,1.0\r\n2018-03-20,9.88,9.88,9.87,9.88,9.88,12300,0.0000,1.0\r\n2018-03-19,9.88,9'"
258,"b'.88,9.88,9.88,9.88,70900,0.0000,1.0\r\n2018-03-16,9.87,9.8701,9.87,9.8701,9.8701,4800,0.0000,1.0\r\n2018-03-15,9.87,9.87,9.87,9.87,9'"
259,"b'.87,6000,0.0000,1.0\r\n2018-03-14,9.87,9.88,9.87,9.87,9.87,77600,0.0000,1.0\r\n2018-03-13,9.8701,9.8701,9.8701,9.8701,9.8701,0,0.000'"
260,"b'0,1.0\r\n2018-03-12,9.88,9.88,9.87,9.8701,9.8701,190420,0.0000,1.0\r\n2018-03-09,9.85,9.89,9.85,9.88,9.88,114600,0.0000,1.0\r\n2018-03'"
261,"b'-08,9.86,9.86,9.86,9.86,9.86,0,0.0000,1.0\r\n2018-03-07,9.86,9.86,9.86,9.86,9.86,0,0.0000,1.0\r\n2018-03-06,9.86,9.88,9.86,9.86,9.86'"
262,"b',158700,0.0000,1.0\r\n2018-03-05,9.85,9.85,9.85,9.85,9.85,50000,0.0000,1.0\r\n2018-03-02,9.8,9.87,9.75,9.87,9.87,10300,0.0000,1.0\r\n2'"
263,"b'018-03-01,9.86,9.86,9.86,9.86,9.86,2200,0.0000,1.0\r\n2018-02-28,9.87,9.87,9.85,9.85,9.85,1400,0.0000,1.0\r\n2018-02-27,9.88,9.8801,'"
264,"b'9.85,9.85,9.85,18500,0.0000,1.0\r\n2018-02-26,9.88,9.885,9.87,9.88,9.88,1313241,0.0000,1.0\r\n2018-02-23,9.88,9.88,9.88,9.88,9.88,30'"
265,"b'00,0.0000,1.0\r\n2018-02-22,9.88,9.88,9.88,9.88,9.88,1100,0.0000,1.0\r\n2018-02-21,9.88,9.88,9.88,9.88,9.88,0,0.0000,1.0\r\n2018-02-20'"
266,"b',9.87,9.88,9.87,9.88,9.88,775,0.0000,1.0\r\n2018-02-16,9.86,9.86,9.85,9.85,9.85,27809,0.0000,1.0\r\n2018-02-15,9.87,9.87,9.84,9.84,9'"
267,"b'.84,95000,0.0000,1.0\r\n2018-02-14,9.87,9.87,9.87,9.87,9.87,244,0.0000,1.0\r\n2018-02-13,9.85,9.8699,9.8373,9.8699,9.8699,53769,0.00'"
268,"b'00,1.0\r\n2018-02-12,9.87,9.87,9.84,9.86,9.86,3200,0.0000,1.0\r\n2018-02-09,9.8407,9.85,9.84,9.85,9.85,501700,0.0000,1.0\r\n2018-02-08'"
269,"b',9.85,9.86,9.83,9.84,9.84,98900,0.0000,1.0\r\n2018-02-07,9.8401,9.88,9.84,9.86,9.86,50900,0.0000,1.0\r\n2018-02-06,9.83,9.87,9.81,9.'"
270,"b'81,9.81,24500,0.0000,1.0\r\n2018-02-05,9.87,9.87,9.86,9.86,9.86,3900,0.0000,1.0\r\n2018-02-02,9.88,9.89,9.86,9.8601,9.8601,7116,0.00'"
271,"b'00,1.0\r\n2018-02-01,9.89,9.9,9.88,9.9,9.9,8831,0.0000,1.0\r\n2018-01-31,9.88,9.88,9.88,9.88,9.88,300,0.0000,1.0\r\n2018-01-30,9.88,9.'"
272,"b'89,9.88,9.89,9.89,1000,0.0000,1.0\r\n2018-01-29,9.8801,9.8801,9.8801,9.8801,9.8801,0,0.0000,1.0\r\n2018-01-26,9.8801,9.8801,9.8801,9'"
273,"b'.8801,9.8801,0,0.0000,1.0\r\n2018-01-25,9.88,9.8801,9.88,9.8801,9.8801,1500,0.0000,1.0\r\n2018-01-24,9.88,9.88,9.88,9.88,9.88,101500'"
274,"b',0.0000,1.0\r\n2018-01-23,9.91,9.91,9.91,9.91,9.91,0,0.0000,1.0\r\n2018-01-22,9.91,9.91,9.91,9.91,9.91,0,0.0000,1.0\r\n2018-01-19,9.89'"
275,"b',9.91,9.89,9.91,9.91,13969,0.0000,1.0\r\n2018-01-18,9.88,9.88,9.87,9.88,9.88,2000,0.0000,1.0\r\n2018-01-17,9.8799,9.9,9.85,9.88,9.88'"
276,"b',50250,0.0000,1.0\r\n2018-01-16,9.85,9.86,9.84,9.841,9.841,8400,0.0000,1.0\r\n2018-01-12,9.85,9.86,9.83,9.85,9.85,38995,0.0000,1.0\r\n'"
277,"b'2018-01-11,9.85,9.8511,9.84,9.85,9.85,231405,0.0000,1.0\r\n2018-01-10,9.8499,9.85,9.82,9.85,9.85,26200,0.0000,1.0\r\n2018-01-09,9.82'"
278,"b',9.82,9.82,9.82,9.82,0,0.0000,1.0\r\n2018-01-08,9.84,10.49,9.81,9.82,9.82,14500,0.0000,1.0\r\n2018-01-05,9.81,9.85,9.81,9.85,9.85,30'"
279,"b'00,0.0000,1.0\r\n2018-01-04,9.8,9.83,9.8,9.83,9.83,4500,0.0000,1.0\r\n2018-01-03,9.8,9.83,9.8,9.81,9.81,253104,0.0000,1.0\r\n2018-01-0'"
280,"b'2,9.8,9.8,9.8,9.8,9.8,1000,0.0000,1.0\r\n2017-12-29,9.78,9.8,9.78,9.8,9.8,3900,0.0000,1.0\r\n2017-12-28,9.83,9.83,9.78,9.78,9.78,700'"
281,"b',0.0000,1.0\r\n2017-12-27,9.8,9.8,9.8,9.8,9.8,1,0.0000,1.0\r\n2017-12-26,9.8,9.8,9.8,9.8,9.8,0,0.0000,1.0\r\n2017-12-22,9.8,9.8,9.8,9.'"
282,"b'8,9.8,0,0.0000,1.0\r\n2017-12-21,9.79,9.8,9.78,9.8,9.8,16600,0.0000,1.0\r\n2017-12-20,9.8,9.8,9.78,9.8,9.8,13106,0.0000,1.0\r\n2017-12'"
283,"b'-19,9.8,9.8,9.78,9.79,9.79,26200,0.0000,1.0\r\n2017-12-18,9.8,9.8,9.8,9.8,9.8,200,0.0000,1.0\r\n2017-12-15,9.81,9.81,9.81,9.81,9.81,'"
284,"b'0,0.0000,1.0\r\n2017-12-14,9.79,9.81,9.78,9.81,9.81,9500,0.0000,1.0\r\n2017-12-13,9.79,9.79,9.78,9.78,9.78,482600,0.0000,1.0\r\n2017-1'"
285,"b'2-12,9.79,9.79,9.79,9.79,9.79,0,0.0000,1.0\r\n2017-12-11,9.79,9.82,9.79,9.79,9.79,9100,0.0000,1.0\r\n2017-12-08,9.8,9.81,9.79,9.81,9'"
286,"b'.81,7100,0.0000,1.0\r\n2017-12-07,9.81,9.81,9.81,9.81,9.81,0,0.0000,1.0\r\n2017-12-06,9.81,9.81,9.81,9.81,9.81,800,0.0000,1.0\r\n2017-'"
287,"b'12-05,9.81,9.81,9.81,9.81,9.81,6393,0.0000,1.0\r\n2017-12-04,9.92,9.92,9.8,9.8,9.8,3200,0.0000,1.0\r\n2017-12-01,9.8,9.8,9.8,9.8,9.8'"
288,"b',1415491,0.0000,1.0\r\n2017-11-30,9.8,9.82,9.79,9.81,9.81,114054,0.0000,1.0\r\n2017-11-29,9.79,9.8199,9.79,9.8199,9.8199,1400,0.0000'"
289,"b',1.0\r\n2017-11-28,9.82,9.82,9.78,9.79,9.79,35510,0.0000,1.0\r\n2017-11-27,9.82,9.825,9.78,9.81,9.81,4500,0.0000,1.0\r\n2017-11-24,9.8'"
290,"b'111,9.8111,9.8111,9.8111,9.8111,4,0.0000,1.0\r\n2017-11-22,9.83,9.83,9.811,9.811,9.811,2104,0.0000,1.0\r\n2017-11-21,9.8,9.82,9.8,9.'"
291,"b'82,9.82,16500,0.0000,1.0\r\n2017-11-20,9.8,9.8,9.78,9.78,9.78,288742,0.0000,1.0\r\n2017-11-17,9.8,9.82,9.771,9.79,9.79,225100,0.0000'"
292,"b',1.0\r\n2017-11-16,9.8,9.8,9.78,9.79,9.79,5720,0.0000,1.0\r\n2017-11-15,9.8,9.8,9.8,9.8,9.8,0,0.0000,1.0\r\n2017-11-14,9.8,9.81,9.75,9'"
293,"b'.8,9.8,438800,0.0000,1.0\r\n2017-11-13,9.81,9.81,9.8,9.8,9.8,1303,0.0000,1.0\r\n2017-11-10,9.8,9.8,9.8,9.8,9.8,1200,0.0000,1.0\r\n2017'"
294,"b'-11-09,9.79,9.79,9.79,9.79,9.79,8,0.0000,1.0\r\n2017-11-08,9.79,9.79,9.79,9.79,9.79,0,0.0000,1.0\r\n2017-11-07,9.79,9.79,9.79,9.79,9'"
295,"b'.79,708,0.0000,1.0\r\n2017-11-06,9.81,9.81,9.79,9.795,9.795,6204,0.0000,1.0\r\n2017-11-03,9.81,9.81,9.81,9.81,9.81,100,0.0000,1.0\r\n2'"
296,"b'017-11-02,9.8,9.8,9.8,9.8,9.8,0,0.0000,1.0\r\n2017-11-01,9.8,9.8,9.8,9.8,9.8,35700,0.0000,1.0\r\n2017-10-31,9.78,9.8,9.78,9.8,9.8,10'"
297,"b'1799,0.0000,1.0\r\n2017-10-30,9.81,9.81,9.795,9.795,9.795,1600,0.0000,1.0\r\n2017-10-27,9.84,9.84,9.8,9.8,9.8,4000,0.0000,1.0\r\n2017-'"
298,"b'10-26,9.81,9.82,9.769,9.82,9.82,17800,0.0000,1.0\r\n2017-10-25,9.83,9.85,9.83,9.85,9.85,1501,0.0000,1.0\r\n2017-10-24,9.83,9.83,9.83'"
299,"b',9.83,9.83,1,0.0000,1.0\r\n2017-10-23,9.84,9.84,9.83,9.83,9.83,869,0.0000,1.0\r\n2017-10-20,9.82,9.85,9.82,9.85,9.85,14800,0.0000,1.'"
300,"b'0\r\n2017-10-19,9.85,9.85,9.85,9.85,9.85,0,0.0000,1.0\r\n2017-10-18,9.82,9.85,9.82,9.85,9.85,102700,0.0000,1.0\r\n2017-10-17,9.81,9.81'"
301,"b',9.81,9.81,9.81,100,0.0000,1.0\r\n2017-10-16,9.81,9.81,9.81,9.81,9.81,0,0.0000,1.0\r\n2017-10-13,9.82,9.82,9.81,9.81,9.81,7000,0.000'"
302,"b'0,1.0\r\n2017-10-12,9.81,9.81,9.81,9.81,9.81,0,0.0000,1.0\r\n2017-10-11,9.81,9.81,9.81,9.81,9.81,1882,0.0000,1.0\r\n2017-10-10,9.809,9'"
303,"b'.83,9.809,9.83,9.83,2750,0.0000,1.0\r\n2017-10-09,9.93,9.93,9.8,9.8,9.8,31220,0.0000,1.0\r\n2017-10-06,9.83,9.83,9.83,9.83,9.83,0,0.'"
304,"b'0000,1.0\r\n2017-10-05,9.83,9.83,9.83,9.83,9.83,500,0.0000,1.0\r\n2017-10-04,9.81,9.81,9.81,9.81,9.81,0,0.0000,1.0\r\n2017-10-03,9.83,'"
305,"b'9.83,9.81,9.81,9.81,2100,0.0000,1.0\r\n2017-10-02,9.83,9.83,9.81,9.81,9.81,49900,0.0000,1.0\r\n2017-09-29,9.86,9.86,9.86,9.86,9.86,8'"
306,"b'000,0.0000,1.0\r\n2017-09-28,9.85,9.86,9.83,9.83,9.83,17700,0.0000,1.0\r\n2017-09-27,9.81,9.81,9.81,9.81,9.81,0,0.0000,1.0\r\n2017-09-'"
307,"b'26,9.8,9.81,9.8,9.81,9.81,3200,0.0000,1.0\r\n2017-09-25,9.775,9.775,9.775,9.775,9.775,0,0.0000,1.0\r\n2017-09-22,9.775,9.775,9.775,9'"
308,"b'.775,9.775,0,0.0000,1.0\r\n2017-09-21,9.775,9.775,9.775,9.775,9.775,400,0.0000,1.0\r\n2017-09-20,9.75,9.83,9.75,9.82,9.82,15505,0.00'"
309,"b'00,1.0\r\n2017-09-19,9.8,9.83,9.8,9.82,9.82,47400,0.0000,1.0\r\n2017-09-18,9.82,9.83,9.82,9.83,9.83,4800,0.0000,1.0\r\n2017-09-15,9.8,'"
310,"b'9.8,9.8,9.8,9.8,0,0.0000,1.0\r\n2017-09-14,9.8,9.8,9.8,9.8,9.8,14724,0.0000,1.0\r\n2017-09-13,9.8,9.85,9.75,9.85,9.85,91000,0.0000,1'"
311,"b'.0\r\n2017-09-12,9.85,9.85,9.8,9.8,9.8,200,0.0000,1.0\r\n2017-09-11,9.79,9.8,9.79,9.8,9.8,93210,0.0000,1.0\r\n2017-09-08,9.81,9.81,9.8'"
312,"b',9.8,9.8,2000,0.0000,1.0\r\n2017-09-07,9.8,9.819,9.8,9.8,9.8,74500,0.0000,1.0\r\n2017-09-06,9.83,9.83,9.83,9.83,9.83,22575,0.0000,1.'"
313,"b'0\r\n2017-09-05,9.8,9.85,9.8,9.85,9.85,37200,0.0000,1.0\r\n2017-09-01,9.78,9.83,9.78,9.83,9.83,4500,0.0000,1.0\r\n2017-08-31,9.52,9.95'"
314,"b',8.97,9.78,9.78,18249,0.0000,1.0\r\n2017-08-30,9.8,10.432,9.8,9.83,9.83,64999,0.0000,1.0\r\n2017-08-29,9.77,9.8,9.77,9.8,9.8,41160,0'"
315,"b'.0000,1.0\r\n2017-08-28,9.78,9.78,9.76,9.76,9.76,1900,0.0000,1.0\r\n2017-08-25,9.75,9.75,9.75,9.75,9.75,3775,0.0000,1.0\r\n2017-08-24,'"
316,"b'9.75,9.75,9.75,9.75,9.75,72000,0.0000,1.0\r\n2017-08-23,9.76,9.76,9.76,9.76,9.76,0,0.0000,1.0\r\n2017-08-22,9.76,9.8,9.76,9.76,9.76,'"
317,"b'63500,0.0000,1.0\r\n2017-08-21,9.8,9.8,9.75,9.75,9.75,369475,0.0000,1.0\r\n2017-08-18,9.75,9.8,9.75,9.8,9.8,2400,0.0000,1.0\r\n2017-08'"
318,"b'-17,9.75,9.78,9.75,9.78,9.78,155664,0.0000,1.0\r\n2017-08-16,9.76,9.79,9.75,9.79,9.79,4700,0.0000,1.0\r\n2017-08-15,9.8,9.8,9.8,9.8,'"
319,"b'9.8,1200,0.0000,1.0\r\n2017-08-14,9.82,9.84,9.82,9.84,9.84,2200,0.0000,1.0\r\n2017-08-11,9.82,9.82,9.82,9.82,9.82,0,0.0000,1.0\r\n2017'"
320,"b'-08-10,9.82,9.82,9.82,9.82,9.82,0,0.0000,1.0\r\n2017-08-09,9.82,9.82,9.82,9.82,9.82,0,0.0000,1.0\r\n2017-08-08,9.82,9.82,9.82,9.82,9'"
321,"b'.82,1300,0.0000,1.0\r\n2017-08-07,9.83,9.84,9.81,9.811,9.811,119499,0.0000,1.0\r\n2017-08-04,9.81,9.82,9.81,9.82,9.82,211331,0.0000,'"
322,"b'1.0\r\n2017-08-03,9.81,9.86,9.81,9.82,9.82,860010,0.0000,1.0\r\n2017-08-02,9.81,9.81,9.81,9.81,9.81,500000,0.0000,1.0\r\n2017-08-01,9.'"
323,"b'85,9.85,9.79,9.81,9.81,1652281,0.0000,1.0\r\n'"
